Source,Target
Petani,Tani Hub
Perusahaan,Petani
Pedagang,Pantau Harga
Masyarakat,Lima Kilo
Pengusaha,Si Kumis
Petani,Tani Hub
Perusahaan,Pantau Harga
Pedagang,Lima Kilo
Masyarakat,Si Kumis
Perusahaan,Tani Hub
Pedagang,Petani
Masyarakat,Lima Kilo
Pengusaha,Si Kumis
Perusahaan,Tani Hub
Pedagang,Petani
Masyarakat,Pantau Harga
Pengusaha,Si Kumis
Petani,Tani Hub
Perusahaan,Petani
Pedagang,Pantau Harga
Masyarakat,Lima Kilo
Petani,Petani
Perusahaan,Pantau Harga
Pedagang,Lima Kilo
Petani,Tani Hub
Perusahaan,Petani
Pedagang,Pantau Harga
Masyarakat,Lima Kilo
Pengusaha,Si Kumis
Petani,Tani Hub
Perusahaan,Pantau Harga
Pedagang,Lima Kilo
Masyarakat,Si Kumis
Perusahaan,Tani Hub
Pedagang,Petani
Masyarakat,Lima Kilo
Pengusaha,Si Kumis
Perusahaan,Tani Hub
Pedagang,Petani
Masyarakat,Pantau Harga
Pengusaha,Lima Kilo
Petani,Tani Hub
Perusahaan,Petani
Pedagang,Pantau Harga
Masyarakat,Lima Kilo
Pengusaha,Si Kumis
Petani,Tani Hub
Perusahaan,Petani
Pedagang,Pantau Harga
Masyarakat,Lima Kilo
